{
    "Andhra Pradesh": [
        "Anantapur",
        "Chittoor",
        "East Godavari",
        "Guntur",
        "Krishna",
        "Kurnool",
        "Nellore",
        "Prakasam",
        "Srikakulam",
        "Visakhapatnam",
        "Vizianagaram",
        "West Godavari",
        "YSR Kadapa"
    ],
    "Arunachal Pradesh": [
        "Tawang",
        "West Kameng",
        "East Kameng",
        "Papum Pare",
        "Kurung Kumey",
        "Kra Daadi",
        "Lower Subansiri",
        "Upper Subansiri",
        "West Siang",
        "East Siang",
        "Siang",
        "Upper Siang",
        "Lower Siang",
        "Dibang Valley",
        "Lower Dibang Valley",
        "Anjaw",
        "Lohit",
        "Namsai",
        "Changlang",
        "Tirap",
        "Longding"
    ],
    "Assam": [
        "Baksa",
        "Barpeta",
        "Biswanath",
        "Bongaigaon",
        "Cachar",
        "Charaideo",
        "Chirang",
        "Darrang",
        "Dhemaji",
        "Dhubri",
        "Dibrugarh",
        "Dima Hasao",
        "Goalpara",
        "Golaghat",
        "Hailakandi",
        "Hojai",
        "Jorhat",
        "Kamrup",
        "Kamrup Metropolitan",
        "Karbi Anglong",
        "Karimganj",
        "Kokrajhar",
        "Lakhimpur",
        "Majuli",
        "Morigaon",
        "Nagaon",
        "Nalbari",
        "Sivasagar",
        "Sonitpur",
        "South Salmara-Mankachar",
        "Tinsukia",
        "Udalguri",
        "West Karbi Anglong"
    ],
    "Bihar": [
        "Araria",
        "Arwal",
        "Aurangabad",
        "Banka",
        "Begusarai",
        "Bhagalpur",
        "Bhojpur",
        "Buxar",
        "Darbhanga",
        "East Champaran",
        "Gaya",
        "Gopalganj",
        "Jamui",
        "Jehanabad",
        "Kaimur",
        "Katihar",
        "Khagaria",
        "Kishanganj",
        "Lakhisarai",
        "Madhepura",
        "Madhubani",
        "Munger",
        "Muzaffarpur",
        "Nalanda",
        "Nawada",
        "Patna",
        "Purnia",
        "Rohtas",
        "Saharsa",
        "Samastipur",
        "Saran",
        "Sheikhpura",
        "Sheohar",
        "Sitamarhi",
        "Siwan",
        "Supaul",
        "Vaishali",
        "West Champaran"
    ],
    "Chandigarh": [
        "Chandigarh"
    ],
    "Chhattisgarh": [
        "Balod",
        "Baloda Bazar",
        "Balrampur",
        "Bastar",
        "Bemetara",
        "Bijapur",
        "Bilaspur",
        "Dantewada",
        "Dhamtari",
        "Durg",
        "Gariaband",
        "Gaurela Pendra Marwahi",
        "Janjgir Champa",
        "Jashpur",
        "Kanker",
        "Kondagaon",
        "Korba",
        "Koriya",
        "Mahasamund",
        "Mungeli",
        "Narayanpur",
        "Raigarh",
        "Raipur",
        "Rajnandgaon",
        "Sukma",
        "Surajpur",
        "Surguja"
    ],
    "Dadra and Nagar Haveli and Daman and Diu": [
        "Dadra and Nagar Haveli",
        "Daman",
        "Diu"
    ],
    "Delhi": [
        "Central Delhi",
        "East Delhi",
        "New Delhi",
        "North Delhi",
        "North East Delhi",
        "North West Delhi",
        "Shahdara",
        "South Delhi",
        "South East Delhi",
        "South West Delhi",
        "West Delhi"
    ],
    "Goa": [
        "North Goa",
        "South Goa"
    ],
    "Gujarat": [
        "Ahmedabad",
        "Surat",
        "Vadodara",
        "Rajkot",
        "Bhavnagar",
        "Jamnagar",
        "Gandhinagar",
        "Junagadh",
        "Anand",
        "Navsari"
    ],
    "Haryana": [
        "Ambala",
        "Faridabad",
        "Gurgaon",
        "Hisar",
        "Karnal",
        "Panipat",
        "Rohtak",
        "Yamunanagar",
        "Panchkula",
        "Sonipat"
    ],
    "Himachal Pradesh": [
        "Shimla",
        "Kullu",
        "Manali",
        "Dharamshala",
        "Mandi",
        "Solan",
        "Una",
        "Bilaspur",
        "Hamirpur",
        "Chamba"
    ],
    "Jammu and Kashmir": [
        "Srinagar",
        "Jammu",
        "Anantnag",
        "Baramulla",
        "Pulwama",
        "Kupwara",
        "Udhampur",
        "Rajouri",
        "Doda",
        "Poonch"
    ],
    "Jharkhand": [
        "Bokaro",
        "Chatra",
        "Deoghar",
        "Dhanbad",
        "Dumka",
        "East Singhbhum",
        "Garhwa",
        "Giridih",
        "Godda",
        "Gumla",
        "Hazaribagh",
        "Jamtara",
        "Khunti",
        "Koderma",
        "Latehar",
        "Lohardaga",
        "Pakur",
        "Palamu",
        "Ramgarh",
        "Ranchi",
        "Sahibganj",
        "Seraikela Kharsawan",
        "Simdega",
        "West Singhbhum"
    ],
    "Karnataka": [
        "Bagalkot",
        "Ballari",
        "Belagavi",
        "Bengaluru Rural",
        "Bengaluru Urban",
        "Bidar",
        "Chamarajanagar",
        "Chikkaballapur",
        "Chikkamagaluru",
        "Chitradurga",
        "Dakshina Kannada",
        "Davanagere",
        "Dharwad",
        "Gadag",
        "Hassan",
        "Haveri",
        "Kalaburagi",
        "Kodagu",
        "Kolar",
        "Koppal",
        "Mandya",
        "Mysuru",
        "Raichur",
        "Ramanagara",
        "Shivamogga",
        "Tumakuru",
        "Udupi",
        "Uttara Kannada",
        "Vijayapura",
        "Yadgir"
    ],
    "Kerala": [
        "Alappuzha",
        "Ernakulam",
        "Idukki",
        "Kannur",
        "Kasaragod",
        "Kollam",
        "Kottayam",
        "Kozhikode",
        "Malappuram",
        "Palakkad",
        "Pathanamthitta",
        "Thiruvananthapuram",
        "Thrissur",
        "Wayanad"
    ],
    "Ladakh": [
        "Kargil",
        "Leh"
    ],
    "Lakshadweep": [
        "Agatti",
        "Amini",
        "Androth",
        "Bithra",
        "Chetlat",
        "Kadmat",
        "Kalpeni",
        "Kavaratti",
        "Kiltan",
        "Minicoy"
    ],
    "Madhya Pradesh": [
        "Agar Malwa",
        "Alirajpur",
        "Anuppur",
        "Ashoknagar",
        "Balaghat",
        "Barwani",
        "Betul",
        "Bhind",
        "Bhopal",
        "Burhanpur",
        "Chhatarpur",
        "Chhindwara",
        "Damoh",
        "Datia",
        "Dewas",
        "Dhar",
        "Dindori",
        "Guna",
        "Gwalior",
        "Harda",
        "Hoshangabad",
        "Indore",
        "Jabalpur",
        "Jhabua",
        "Katni",
        "Khandwa",
        "Khargone",
        "Mandla",
        "Mandsaur",
        "Morena",
        "Narsinghpur",
        "Neemuch",
        "Panna",
        "Raisen",
        "Rajgarh",
        "Ratlam",
        "Rewa",
        "Sagar",
        "Satna",
        "Sehore",
        "Seoni",
        "Shahdol",
        "Shajapur",
        "Sheopur",
        "Shivpuri",
        "Sidhi",
        "Singrauli",
        "Tikamgarh",
        "Ujjain",
        "Umaria",
        "Vidisha"
    ],
    "Maharashtra": [
        "Mumbai",
        "Pune",
        "Nagpur",
        "Thane",
        "Nashik"
    ],
    "Manipur": [
        "Imphal",
        "Thoubal",
        "Bishnupur",
        "Chandel",
        "Senapati"
    ],
    "Meghalaya": [
        "Shillong",
        "Tura",
        "Jowai",
        "Nongpoh",
        "Williamnagar"
    ],
    "Mizoram": [
        "Aizawl",
        "Lunglei",
        "Champhai",
        "Serchhip",
        "Kolasib"
    ],
    "Nagaland": [
        "Dimapur",
        "Kohima",
        "Mokokchung",
        "Tuensang",
        "Wokha"
    ],
    "Odisha": [
        "Bhubaneswar",
        "Cuttack",
        "Rourkela",
        "Puri",
        "Berhampur"
    ],
    "Puducherry": [
        "Puducherry",
        "Karaikal",
        "Yanam",
        "Mahe"
    ],
    "Punjab": [
        "Amritsar",
        "Ludhiana",
        "Jalandhar",
        "Patiala",
        "Bathinda"
    ],
    "Rajasthan":[
        "Ajmer",
        "Alwar",
        "Banswara",
        "Baran",
        "Barmer",
        "Bharatpur",
        "Bhilwara",
        "Bikaner",
        "Bundi",
        "Chittorgarh",
        "Churu",
        "Dausa",
        "Dholpur",
        "Dungarpur",
        "Hanumangarh",
        "Jaipur",
        "Jaisalmer",
        "Jalore",
        "Jhalawar",
        "Jhunjhunu",
        "Jodhpur",
        "Karauli",
        "Kota",
        "Nagaur",
        "Pali",
        "Pratapgarh",
        "Rajsamand",
        "Sawai Madhopur",
        "Sikar",
        "Sirohi",
        "Sri Ganganagar",
        "Tonk",
        "Udaipur"
      ],
    "Sikkim": ["East Sikkim", "North Sikkim", "South Sikkim", "West Sikkim"],
    "State Unassigned": [],
    "Tamil Nadu": ["Chennai", "Coimbatore", "Madurai", "Tiruchirappalli"],
    "Telangana": ["Hyderabad", "Warangal", "Karimnagar", "Khammam"],
    "Tripura": ["West Tripura", "South Tripura", "Dhalai", "North Tripura"],
    "Uttar Pradesh": ["Lucknow", "Kanpur", "Agra", "Varanasi"],
    "Uttarakhand": ["Dehradun", "Haridwar", "Nainital", "Almora"],
    "West Bengal": ["Kolkata", "Howrah", "Durgapur", "Asansol"]
}